author_id;product_id;author_url;author;rank;num_of_reviews;date_scraped;user_score;word_count_score;quality_word_score;review_sentiment_score;word_reptition_score;low_quality_score;verified_purchase_score;review_text;category;word_repetition_percentage
224231106750350;200433978950816;https://www.amazon.ca/gp/profile/amzn1.account.AEDFTFIXCA3VZ2WCHFVZSZHEFL4Q/ref=cm_cr_arp_d_gw_btm?ie=UTF8;Tausif Ahamed Bhuiyan;1260196;1;2018-12-11;1000;1000;812.7008690283399;1008.4046161694642;950.0;1000;2000.0;"{{""'Very good fan'"",0.987657},{""'Very good fan'"",0.987657}}";;0.5
198536694229514;200433978950816;https://www.amazon.ca/gp/profile/amzn1.account.AEXAEKHKCE2MPB4MLLC776FTM5FA/ref=cm_cr_arp_d_gw_btm?ie=UTF8;Amazon Customer;49936;10;2018-12-11;1000;958.4942185820562;464.6248097870425;978.0290861569017;1016.6666666666666;1000;2000.0;"{{""'Very noisy but if that doesn’t bother u it’s a great fan'"",-0.461953},{""'These are great As advertised'"",0.966676},{""'These are great As advertised'"",0.966676},{""'Very nice the remote is a life saver for those hot night that u wake and all u have to do is push a button'"",0.90962},{""'Very noisy but if that doesn’t bother u it’s a great fan'"",-0.461953},{""'Fit as ordered I always orders a bit bigger just in case but my kid enjoys it and it’s so much easier than a 2 piece'"",0.858515},{""'Very easy to put together'"",0.949554},{""'My son loves it'"",0.94951},{""'Works as advertised'"",0.760713},{""'Far out done my expectations'"",-0.46184},{""'These are as advertised'"",0.0}}";;0.16666666666666666
173196214160173;155428664469539;https://www.amazon.ca/gp/profile/amzn1.account.AEECBTEAX3DHDMINAV6ZD6RV73IQ/ref=cm_cr_arp_d_gw_btm?ie=UTF8;Rene Landry;592315;9;2018-12-11;1000;429.3651627547922;515.1500999653053;1780.5098274776801;1004.9999999999999;1000;2000.0;"{{""'À la maison pour se rafraîchir.'"",0.489337},{""'À la maison pour se rafraîchir.'"",0.489337},{""'Facile à installer et surtout beaucoup moins cher que chez Garmin. Vous n’ qu’a suivre des instructions sur YouTube et en moins de 5 minutes, vous avez un nouveau bracelet.'"",0.487104},{""'Works well, very light, a good product.'"",0.982397},{""'Livraison et produit tel que prévu.'"",0.0},{""'You should watch the whole serie! Very good!'"",0.389786},{""'Thé n'est mobile on tais subject.'"",0.0},{""'Word well. A good bye.'"",0.0},{""'C'est plue qu'une diète, c'est une manière de bien manger en utilisant notre corps pour éliminer du gras. C'est très efficace.'"",0.0145405},{""'La machine est simple et facile à faire fonctionner. Le café Nespresso est excellent! Probablement un des meilleurs rapport qualité prix pour ce type de machine.'"",0.445845666667}}";;0.050000000000000024
53145121018757;4808582601589;https://www.amazon.ca/gp/profile/amzn1.account.AHCFE7KULNOVDVCERICG636AJ5JA/ref=cm_cr_arp_d_gw_btm?ie=UTF8;Allrounder;34222;10;2018-12-11;1000;997.4543815213167;1074.6814188458004;925.9844875481841;1002.7777777777777;1000;2000.0;"{{""'I got what I paid for. The plastic is so flimsy, it is a dollar store quality. Bought two of these and the motor on one of them doesn't run smoothly - it still sends breeze but it does faster and slower motion constantly regardless of the speed choice. Stand is somewhat wobbly. I won't buy a Dyson for a fan but I wouldn't buy this again either.'"",-0.0716922},{""'I smell your fear. I smell your fear so bad that I dab. I smell your fear so bad that I defeat pein.Ijust smell your fear I dance so cringy that even the renegan can't see me. All of what I said Is thepower of the Kiuby mode.'"",-0.69441125},{""'Best book in a long time and never made me guess the right answers and reasons so I rate this five star.'"",0.725432},{""'I love this series it is now one of my three favourites in all the book series i've read, and I read a lot of book series'"",0.987382},{""'My face is full of warts and wrinkles I always try to get free wifi me fart jjiggles pew pew chewse llamacorn shy guy!!I am not lying!!'"",-0.027811},{""'Excellent. Love the soft feel and sturdy build. My lab is comfortable. Better than plastic muzzles.'"",0.60164375},{""'We have owned various kick scooters in the past 10 years - this is the best kick scooter we have had. Stable, quite, easy to park with the stand. Definitely smoother riding on pavement thanks to the large wheels.'"",0.946610666667},{""'Highly recommend for people with TMJ. Everyone with neck problems with normal feather pillows loves these at my place. Dry and comfortably heavy.'"",0.791712333333},{""'Love the love seat. It's not too heavy to carry with the built-in shoulder strap. Pop it open and fold it down in a second. Great for kids and adults.'"",0.1568105},{""'I use this for my dogs to sleep on in their kennels. It is nice and soft, easily washable. The material is sturdy, vacuuming is easy. I double these for my lab and use just one for my pug.'"",0.806168},{""'I got what I paid for. The plastic is so flimsy, it is a dollar store quality. Bought two of these and the motor on one of them doesn't run smoothly - it still sends breeze but it does faster and slower motion constantly regardless of the speed choice. Stand is …'"",0.1303215}}";;0.02777777777777779
48929321038913;4808582601589;https://www.amazon.ca/gp/profile/amzn1.account.AENMXCDW3IKM5327KK65DQB2XGNA/ref=cm_cr_arp_d_gw_btm?ie=UTF8;Christopher Darling;342507;10;2018-12-11;1000;882.6099290868575;1070.8788436117643;1645.9787152560086;1005.8823529411765;1000;2000.0;"{{""'Went together easy enough. Not too sturdy for a pedestal fan. Does the trick buy feels especially cheap.

I worked in the department that sold fans at Sears for 4 years. This one is maybe slightly below in terms of quality of materials our cheapest fan. It's a cheap fan that works fine. I don't expect it to have a long life though.'"",0.214647},{""'Yeah works good'"",0.97373},{""'Dpad is fine but not quite right. Great for platformers on the go but I mostly just use the original joycon in case a chance to get some two player gaming comes up.'"",0.485236},{""'Went together easy enough. Not too sturdy for a pedestal fan. Does the trick buy feels especially cheap. …'"",-0.014503},{""'One self piece came pretty bent up. I would return it if it weren't such a hassle.  Assembled the unit anyway and it seems fine. Just a real bummer. This is my first …'"",-0.128656},{""'Something that I can fit up my narrow staircase!  A traditional queen boxspring will not fit into my bedroom. You can buy two separat…'"",-0.0153376666667},{""'I am so happy with these beautiful pieces!  First make sure you boil them so your water doesn't get all tea coloured.…'"",0.4992095},{""'Works great! No instructions included just a confusing low quality black and white drawing that doesn't match the actual product very well. …'"",0.0207325},{""'Looks cool in the box. Shipped fast. My nephew should like it. He's turning 4 and always talking about AT-ATs. I didn't know what they were so I Googled them. Other sets were like $300 CAD! So no. Got this one for a tenth of the price.'"",0.17953175},{""'wow. I ate it all in one night.'"",-0.124879},{""'Looks great! But the clear back already is very scuffed up after only one day of use. Also, the top part of the purple metal is a different colour. Much closer to pink than purple. It looks like it's been worn out or something. I checked under different lightin…'"",-0.041724}}";;0.05882352941176473
169382115646235;95432826641758;https://www.amazon.ca/gp/profile/amzn1.account.AHB5XZAOYFRMZ2WHWWEDAJFII2AQ/ref=cm_cr_arp_d_gw_btm?ie=UTF8;Amazon Customer;150612;10;2018-12-11;1000;685.7926195370828;812.7626969369566;1284.592328185944;1025.0;1000;2000.0;"{{""'As advertised'"",0.0},{""'Pump me up little pump kicks out some good pressure'"",0.448373},{""'Still use the same ones after a year of trimmings works great'"",0.898699},{""'Little noisy but all pumps are Delivers good air'"",0.45429},{""'Chop chop still have mi e and love them'"",0.770359},{""'Good thanks'"",0.974707},{""'Product is fine but it was the wrong size for my system my fault'"",-0.356554},{""'Nothing broke so far it’s been quite a few months so good'"",0.353895},{""'Works good good price'"",0.96159},{""'Get some good results with this bubble boy'"",0.89651},{'Good',0.0}}";;0.24999999999999994
179698491371869;95432826641758;https://www.amazon.ca/gp/profile/amzn1.account.AF7PFY3FBW32B2EU5TJ4HKXKEBSQ/ref=cm_cr_arp_d_gw_btm?ie=UTF8;Kindle Customer;45548;10;2018-12-11;1000;700.1469753562907;735.928126423965;907.459236178681;1008.3333333333333;1000;2000.0;"{{""'Easy to assemble, works well, quiet.'"",0.916166},{""'Solid case, I feel my drone and accessories are well protected. Can probably withstand rain and snow as well as reasonable shocks.'"",0.756054},{""'This new drone from Holy Stone is lots of fun to fly indoors or outdoors. You can fly it in two modes: \""folded\"" or \""wing\"". It's the same built quality as the Ryze Tello and about the same size but the HS 220 is quicker and has a longer range. The HS 220…'"",0.238},{""'Very stable for a non GPS drone. Good price and quality. 5MP camera is quite good for photos and videos. I wish it had a micro SD slot but saving on the app is ok. App doesn't work well with Android 4.4 but works fine with Android 6. Make sure you do…'"",0.412867},{""'Works as advertised. Great to be able to charge multiple batteries in 1/2 hour.'"",0.819216},{""'I like it, it doesn't smudge.'"",0.300419},{""'Sturdy and light'"",0.932111},{""'Easy to assemble, works well, quiet.'"",0.916166},{""'Excellente traduction, lecture agréable.'"",0.0},{""'Jules Verne était un grand admirateur de Guy de Maupassant et ça se voit. Bons souvenirs de mon enfance.'"",0.490284},{""'Not the greatest dialogs. Ugly monster. Shaving cream is for sissys.'"",-0.115084}}";;0.08333333333333331
145848018669322;113865489331153;https://www.amazon.ca/gp/profile/amzn1.account.AEBC6QBBJRPB2735PQ2Z63AONI3Q/ref=cm_cr_arp_d_gw_btm?ie=UTF8;Client d'Amazon;805950;2;2018-12-11;1000;687.5633921484169;882.0870377766618;958.2620504972024;1007.6923076923076;1000;2000.0;"{{""'Super pour les parents'"",0.523024},{""'Bien mais fait un bruit quand il arrive tout à gauche en oscillant'"",-0.348935},{""'Bien mais fait un bruit quand il arrive tout à gauche en oscillant'"",-0.348935}}";;0.0769230769230769
150209563225814;113865489331153;https://www.amazon.ca/gp/profile/amzn1.account.AGLWB4TH3FKMOZ345FEDWOEI6GMA/ref=cm_cr_arp_d_gw_btm?ie=UTF8;Sydney;1317555;1;2018-12-11;1000;1000;1178.6753180226578;1008.4046161694642;1020.0;1000;2000.0;"{{""'Really easy to set up and runs great throughout the night'"",0.977534},{""'Really easy to set up and runs great throughout the night'"",0.977534}}";;0.2
186415644866585;155428664469539;https://www.amazon.ca/gp/profile/amzn1.account.AFX3UNZQNLUHQBRDID2KNPNY6CWQ/ref=cm_cr_arp_d_gw_btm?ie=UTF8;Amazon Customer;367332;10;2018-12-11;1000;950.408288806841;810.4121693291354;2177.012466269099;1016.6666666666666;1000;2000.0;"{{""'It worked, it was easy to put together and very happy.'"",0.991871},{""'Perfect! Our hardwire chandelier now plugins and I couldn’t be happier!'"",0.4917115},{""'This is not a how-to decorate but a why-to decorate! Beautifully written Sarah guides you to how decor can make a house a haven for your family. How to identify your style and needs. I loved the book so much already inplenting her strategies into my …'"",0.554345},{""'Flimsy and pain setting up but great value for the price!'"",-0.312239},{""'My favourite cleaning tool, HANDS DOWN. Got all the nasty little corners.'"",-0.1686085},{""'Perfect size, can fit two camera bodies, and 2-3 lenses.'"",0.804961},{""'Fits great and very happy.'"",0.992286},{""'It worked, it was easy to put together and very happy.'"",0.991871},{""'Too much rambling, ending felt unfinished, too many loose ends. Half the book you read about how the character felt about social injustices.'"",-0.79397},{""'Wish it were metal not plastic but did the job'"",-0.756786},{""'It was awful... it had some decent bones but then it got stupid and predictable. I could hardly read the last few chapters.'"",-0.7052895}}";;0.16666666666666666
231646751527111;200433978950816;https://www.amazon.ca/gp/profile/amzn1.account.AG3QIEANFHLXY4CJ5L626TYGUWGQ/ref=cm_cr_arp_d_gw_btm?ie=UTF8;SG;361439;8;2018-12-11;1000;606.6562963692817;519.2570933790624;966.3281546920585;1025.0;1000;2000.0;"{{'Good',0.0},{""'Have been using it for a month; the experience is so far good; holding up the mobile good, easy to handle.'"",0.846074},{""'Serving the purpose'"",0.0},{'Good',0.0},{'Good',0.0},{'Good',0.0},{""'Size is too big'"",0.278785},{""'its been a week since am using this shoe; appropriate fit and good experience so far'"",0.92345},{""'Been a month !! Good Experience'"",0.775254}}";;0.25
130056430153188;155428664469539;https://www.amazon.ca/gp/profile/amzn1.account.AECCFEQSY7K6L53ZU2DFI5OWWXIA/ref=cm_cr_arp_d_gw_btm?ie=UTF8;Amazon Customer;660869;3;2018-12-11;1000;1000;957.3097571756066;1206.861882675674;1011.1111111111111;1000;2000.0;"{{""'Good fan, pretty loud on the top speed though. Still..for the price it's worth it.'"",0.841548},{""'Good fan, pretty loud on the top speed though. Still..for the price it's worth it.'"",0.841548},{""'Exactly as pictured'"",0.324762},{""'Flipped my kayak today trying to be cute and my phone stayed dry.....now if they would just make one big enough for all the other things I had in there, they would be dry too! Works great, touch screen is good, audio plug is good. Worth buying.'"",0.499973666667}}";;0.1111111111111111
202217744172818;155428664469539;https://www.amazon.ca/gp/profile/amzn1.account.AGOP77HOIKOSZPSL3TMLTSSAMGLA/ref=cm_cr_arp_d_gw_btm?ie=UTF8;Typhanie;335593;9;2018-12-11;1000;840.6188570636588;900.747640847643;1128.3954779117748;1012.5;1000;2000.0;"{{'Warm',0.0},{""'It is extremely flimsy, poor quality'"",-0.983938},{""'I thought everything was good until I went to wrap them for my daughter for christmas and the horn was ripped almost right off the one, I dont know if from travel or what but I will not buy again'"",-0.81805},{""'Incredably comfortable, made my sleep during my pregnancy much better.'"",0.628702},{""'Daughter loved it!'"",0.948809},{""'Fits perfectly, excally what I was looking for.'"",0.652269},{""'Color is a bit off but great for the price'"",0.541156},{""'Looks nothing like picture, fits my 9 year old and thats a bit big'"",-0.623702},{""'It is extremely flimsy, poor quality'"",-0.983938},{""'Loved the print!'"",0.950311}}";;0.125
164923801419076;95432826641758;https://www.amazon.ca/gp/profile/amzn1.account.AFCSWFMCE2664QFTGIC7JW33DKZA/ref=cm_cr_arp_d_gw_btm?ie=UTF8;makaveli;175663;10;2018-12-11;1000;763.5644970514602;559.21113801552;872.4556461858667;1020.0;1000;2000.0;"{{""'Make a weird noise when on rotation'"",-0.576895},{""'Well made product'"",0.709405},{""'Seems to get rusty. Makes food taste funny'"",0.1913855},{""'Camping needs for girls'"",0.636114},{""'Not really sure why but every time I use these dart they come apart when it hits the board.'"",0.0},{""'Gf uses this all the time and no complaints'"",0.707052},{""'Make a weird noise when on rotation'"",-0.576895},{""'Works amazingly. Exactly what I expected'"",0.484268},{""'Doesn't fit my bike'"",-0.963357},{""'If I known these cannot hold the rider on the bike while on the stand I would of not order this.'"",-0.927481},{""'Waste of money. This item described it has bluetooth capabilities and camera. When I got the unit is was highly dissapointed because this only has speaker and a mic. Everything else is sold separately...... FALSELY ADVERTISE'"",-0.629094}}";;0.2
197789616477648;98350746745265;https://www.amazon.ca/gp/profile/amzn1.account.AHRR5ZI2VJCQJAMXETIYQHXHUNOQ/ref=cm_cr_arp_d_gw_btm?ie=UTF8;Amazon Customer;1098798;2;2018-12-11;1000;999.9975749606776;1283.980533195559;1109.2450777864105;1012.5;1000;2000.0;"{{""'Unfortunately the product arrived damaged but it still works. It will do the job I need, but the plastic cracked easily.'"",0.0657045},{""'Unfortunately the product arrived damaged but it still works. It will do the job I need, but the plastic cracked easily.'"",0.0657045},{""'Beautifully written book, on a topic that I wouldn't have thought I could say that about. The characters are well developed and the story lines are compelling and captivating. It brought up a lot of questions around bias - where it comes from and …'"",0.371186333333}}";;0.125
111776805940488;95432826641758;https://www.amazon.ca/gp/profile/amzn1.account.AFAVBYSZ46ALUHADDS5OYBWAKOTA/ref=cm_cr_arp_d_gw_btm?ie=UTF8;AJ;149405;10;2018-12-11;1000;779.0021760336167;674.0969973857286;998.2742460774892;1016.6666666666666;1000;2000.0;"{{""'Good product for the price. I buy one every year or 2'"",0.3769135},{""'Could be a little more grippy but otherwise is great'"",0.45675},{""'Works great'"",0.969876},{'Amazing',0.0},{""'Great product and I trust it’s accuracy'"",0.985409},{""'As described and rated'"",0.0},{""'It’s hot but doesn’t have temp control aside from always on high medium or fan.'"",-0.730574},{""'It’s good and rates among the better tasting ones i’ve had'"",0.934164},{""'Haven’t fished them yet but they look Awsome'"",0.951434},{""'Good product for the price. I buy one every year or 2'"",0.3769135},{""'Love it'"",0.0}}";;0.16666666666666666
240530365414931;200433978950816;https://www.amazon.ca/gp/profile/amzn1.account.AFWHEMNIEDFSXXHRSFPPQLM6EFZQ/ref=cm_cr_arp_d_gw_btm?ie=UTF8;Amazon Customer;1473262;1;2018-12-11;1000;779.0078433938312;812.7008690283399;1008.4046161694642;1000.0;1000;2000.0;"{{""'Great fan.'"",0.969602},{""'Great fan.'"",0.969602}}";;1.0
53620936637921;155428664469539;https://www.amazon.ca/gp/profile/amzn1.account.AGTZUC6C5DPV75CD6RUWISIHPIEQ/ref=cm_cr_arp_d_gw_btm?ie=UTF8;Amazon Customer;655010;3;2018-12-11;1000;977.7787099008174;957.8502265913186;981.516938963615;1014.2857142857142;1000;2000.0;"{{""'Well, not fast enough.. blades are just moving fast but not providing any good air conditioning.'"",-0.813091},{""'Very filling'"",0.0},{""'Love that it doesn’t have that after taste that most of the sweetners have'"",0.703725},{""'Well, not fast enough.. blades are just moving fast but not providing any good air conditioning.'"",-0.813091}}";;0.14285714285714285
139999513907551;98350746745265;https://www.amazon.ca/gp/profile/amzn1.account.AHZT6L2AN3V3TTCJ5IJ33C364NDA/ref=cm_cr_arp_d_gw_btm?ie=UTF8;Sheila Borden;41594;10;2018-12-11;1000;839.9783743284906;1177.7272942239288;1596.6909790234743;1007.1428571428571;1000;2000.0;"{{""'Arrived fast. Works perfect'"",0.0},{""'Works well but really loud'"",0.387282},{""'Excited to give this to my son for Christmas. It's exactly as pictured and made with Gildan t shirt'"",0.8756955},{""'Arrived quickly! Was packaged in a box that we were easily able to move to the bedroom. There was no smell like some people say. Was full height in just 2-3 hours. Love the cover that comes on it and that it can be washed to freshen it up. Great va…'"",0.516167833333},{""'Bought for my husband to use for back and forth to work. Holds his lunch and wallet etc easily and is thick and sturdy.'"",0.4879925},{""'Great quality and color. I'm using them in our closets to store all those little things and they are great! Would buy again for sure'"",0.635365333333},{""'My daughter is in nursing school and these have really helped her with her studies.'"",0.963893},{""'They arrived fast and are super cute! I'm using them for Elf on the shelf clothes'"",0.4971015},{""'Love these storage bins. I bought them for a cube shelf to store mittens etc and love them! They fit into my home perfectly and they are sturdy and hold alot!'"",0.948125666667},{""'Looks nothing like the picture. Does not have liquid cover like it shows. And did not receive the stylus or the screen protector either.'"",-0.509683},{""'As pictured. Love the color'"",0.685565}}";;0.0714285714285714
73899374558560;4808582601589;https://www.amazon.ca/gp/profile/amzn1.account.AGPL2L7JVWAYQVP5BZOTUUFVDUGA/ref=cm_cr_arp_d_gw_btm?ie=UTF8;Amazon Customer;70602;10;2018-12-11;1000;991.1986499263866;979.0583884996496;1245.0994299282747;1005.8823529411765;1000;2000.0;"{{""'Best fan for this price that I've found. Bottom stays together much better than previous cheaper fans that I have had. Plus it fans out and folds in for easy transport.'"",0.879043},{""'Best fan for this price that I've found. Bottom stays together much better than previous cheaper fans that I have had. Plus it fans out and folds in for easy transport.'"",0.879043},{""'Wish it was a little cheaper, but works perfectly.'"",0.416639},{""'Best mouse I've found for the price'"",0.931306},{""'I really like the soap. Beware it can dry out your skin and make your skin \""raw\"". Be sure it moisturize!'"",0.147066333333},{""'Very unique and insightful writing. The writing has a childish touch to it and it explores that point of view just as the writer named it. This can be cute for some readers but it isn't for everyone, especially those that prefer a degnified type of poetry.'"",0.447168666667},{""'Good product but came with a smushed box.'"",0.472589},{""'Very good value and extremely easy to use.'"",0.996195},{""'Liked it a lot at first but didn't last. After a few months the scroll stopped working.'"",-0.2911455},{""'Does the job no problem .'"",0.662758},{""'Good at first but they all stopped working quickly and you would have to hold it at a certain angle to work.'"",0.387593}}";;0.05882352941176473
259288098690593;200433978950816;https://www.amazon.ca/gp/profile/amzn1.account.AERGE7NCBSTPW7GQVMGJJKXDUECA/ref=cm_cr_arp_d_gw_btm?ie=UTF8;James A Tibbetts;829639;3;2018-12-11;1000;999.9927248996753;795.6275984361765;1199.7646778331284;933.3333333333334;1000;2000.0;"{{""'It's good. No problems.'"",0.0},{""'It's good. No problems.'"",0.0},{""'This is an excellent buy. The binding quality was top notch.  I was worried a book priced this low would have issues. I am happy I was wrong.'"",0.15785725},{""'An excellent book! Stewart Hyson has an uncommon ability to explain convoluted subjects in a clear and direct way.'"",0.4891815}}";;0.3333333333333333
172948185356209;113865489331153;https://www.amazon.ca/gp/profile/amzn1.account.AG6Q23STAJEIFEICOZBHQC4W5JCQ/ref=cm_cr_arp_d_gw_btm?ie=UTF8;Ted Boucher;497115;5;2018-12-11;1000;880.3432320109242;780.8943006992407;1142.7457790569185;950.0;1000;2000.0;"{{""'Quick and easy to put together.'"",0.932643},{""'Was as expected. Fits really thick mattresses.'"",0.0},{""'Great toothbrush, has the same features as ones that are a lot more expensive.'"",0.511026},{""'Quick and easy to put together.'"",0.932643},{""'Good flashlight and brighter than the one advertised on t.v. from bell and howell.'"",0.0},{""'Works quick.'"",0.0}}";;0.5
273572338234667;113865489331153;https://www.amazon.ca/gp/profile/amzn1.account.AF4G3VSOENQCA7G63J3VJOJZMAVA/ref=cm_cr_arp_d_gw_btm?ie=UTF8;M Jean Sommerdyk;672237;2;2018-12-11;1000;891.0692595388671;1277.5521154854516;1054.0882555469227;1025.0;1000;2000.0;"{{""'Decent quality considering the price'"",0.813103},{""'Decent quality considering the price'"",0.813103},{""'MUCH smaller than advertised.'"",0.0}}";;0.25
263420254700873;155428664469539;https://www.amazon.ca/gp/profile/amzn1.account.AHONY75V4LMIS5ASJB7PCNQZUZMA/ref=cm_cr_arp_d_gw_btm?ie=UTF8;Amazon Customer;580471;8;2018-12-11;1000;836.7719330243445;1317.761784350209;1015.236849286215;1016.6666666666666;1000;2000.0;"{{""'Maybe the best standing fan you can get at this price.'"",0.693127},{""'Maybe the best standing fan you can get at this price.'"",0.693127},{""'Shape and heavy cleaver, can cut off bones easily.'"",0.0},{""'Fit my whirlpool hood (ymh1170xsb-2) perfectly.'"",0.91276},{""'Can only charge to 80%. Hard to fit inside my phone.'"",0.0},{""'Can't believe the bolt of a wheel just dropped away for the third time I use it. This is extremely dangerous, especially when I try to push my grandmother on the wheelchair out from the subway. Fortunately it hasn't hurt anyone. But the wheelch…'"",-0.2667985},{""'Good cost performance.'"",0.938117},{""'Lightweight and flexible.'"",0.939886},{""'I can't say it is useless, but the arm is not strong enough to hold a 10' tablet.'"",-0.913594}}";;0.16666666666666666
48161601650763;4808582601589;https://www.amazon.ca/gp/profile/amzn1.account.AHS6G7YGFV73LP5WLVHQIXN7KYPA/ref=cm_cr_arp_d_gw_btm?ie=UTF8;Rizzle Dizzle;49694;10;2018-12-11;1000;563.0806681640547;973.8892768122092;1861.5039669852138;1010.0;1000;2000.0;"{{""'Good product. The base is wider than you may expect. Fans work well'"",0.263252},{""'Good product. Competitive prices. Comes with screws. But not sure how they hold up. Small screws.'"",-0.165107},{""'Product works well.'"",0.917397},{""'Good product. Built well. Battery lid fits tight. Wire could be thicker.'"",0.0},{""'Built well. Good size for looking through. Came with a small case to protect it.'"",0.294587666667},{""'Good product. The base is wider than you may expect. Fans work well'"",0.263252},{""'These electrical wires are thicker than some others its worth the extra money.'"",0.623691},{""'Works well for small extension. Comparable price'"",0.3827585},{""'Full spectrum light bulb low wattage. Things grow well under this bulb'"",0.0},{""'Cheap product works well'"",0.500148},{""'Works well built strong'"",0.958676}}";;0.09999999999999998
185661662737572;4808582601589;https://www.amazon.ca/gp/profile/amzn1.account.AHAU2KB3E3OE2KLNBH6SSXPURVNA/ref=cm_cr_arp_d_gw_btm?ie=UTF8;Ron Seigel;310372;5;2018-12-11;1000;940.3268642820047;778.1353956934603;1080.3049870790198;1004.5454545454546;1000;2000.0;"{{""'I doubt anyone could make a crappier fan if they tried. Luckily for us it's really just meant for white noise in our bedroom. The last one we bought (cheap junk from Canadian Tire) lasted 10 years and it was literally only shut off to clean it. No way this one lasts a year. The medium setting didn't work right out of the package but it would have been more hassle to return it than it was worth.'"",-0.2878818},{""'I doubt anyone could make a crappier fan if they tried. Luckily for us it's really just meant for white noise in our bedroom. The last one we bought (cheap junk from Canadian Tire) lasted 10 years and it was literally only shut off to clean it. No way t…'"",-0.18789825},{""'Absolute crap speaker in it. Plan on external speakers of some sort.'"",-0.486042},{""'Meh. It's basically a cheap speaker with an even cheaper clock for significantly more money than it's worth. Not worth returning but wouldn't buy it again.'"",-0.475994666667},{""'Simply the best keyboard I've ever bought.'"",0.952364},{""'Amazing monitor for the money.'"",0.932852}}";;0.04545454545454543
117633139522346;98350746745265;https://www.amazon.ca/gp/profile/amzn1.account.AGAKBG7AVLKVKPTGX66QMFZYQ6XA/ref=cm_cr_arp_d_gw_btm?ie=UTF8;Shaf;564463;4;2018-12-11;1000;998.9163125076095;717.9656265359695;1340.4609308374427;1000.0;1000;2000.0;"{{""'Very good'"",0.0},{""'Good bag, very spacious. The front pocket can have a better magnet for button, it hard to keep it closed. Otherwise very handy and light'"",0.512317666667},{""'Very good'"",0.0},{""'Very convenient. Can not be fold so if you want space saving chair this might not be for you. Everything works great'"",0.547572},{""'Excellent, same as described. Arrived before time'"",0.3973385}}";;1.0
13153124967126;200433978950816;https://www.amazon.ca/gp/profile/amzn1.account.AHU6BXYSD7YW5W5NLARZ5JLSRX6Q/ref=cm_cr_arp_d_gw_btm?ie=UTF8;Bala;473147;5;2018-12-11;1000;658.681950591846;536.7748663157181;962.9193853411199;1000.0;1000;2000.0;"{{'Good',0.0},{'Good',0.0},{""'Value for moneys'"",0.0},{'Good',0.0},{""'Worth more than investment'"",0.711127},{""'Very nice product Well recommended'"",0.99256}}";;1.0
23070751982622;98350746745265;https://www.amazon.ca/gp/profile/amzn1.account.AF4TGKAFT7VB2B77V25T2Q5F3ORQ/ref=cm_cr_arp_d_gw_btm?ie=UTF8;Amazon Customer;206201;10;2018-12-11;1000;770.9206029815543;673.28895657648;1770.9689099888712;1012.5;1000;2000.0;"{{""'Easy enough to put together. Cage blade etc all made of plastic. Works great'"",0.630386},{""'Easy enough to put together. Cage blade etc all made of plastic. Works great'"",0.630386},{""'I like the variety of colours'"",0.91395},{""'I had to return, the stitching was opened on one of the fingers, very soft and comfortable I might re-order'"",0.866936},{""'So pretty, the chain catches my hair'"",0.916031},{""'Very comfortable, took them hiking in BC. Very sturdy'"",0.3223075},{""'Excellent value'"",0.0},{""'these are my favourite shoes! what a great deal!'"",0.9749465},{""'very detailed and exciting'"",0.961723},{""'nice material, blocks light pretty well for the light colour i chose.'"",0.978664},{""'these are so cute! I love them, they are so comfortable'"",0.98818}}";;0.125
85325296780850;113865489331153;https://www.amazon.ca/gp/profile/amzn1.account.AENNBBZP5I3H5DUKZULAN62X2DGA/ref=cm_cr_arp_d_gw_btm?ie=UTF8;Jacklyn Myers;1258740;1;2018-12-11;1000;994.8605944338777;1182.3084809344903;1008.4046161694642;933.3333333333334;1000;2000.0;"{{""'I had this fan for less then three months and it had stopped working!!'"",-0.463046},{""'I had this fan for less then three months and it had stopped working!!'"",-0.463046}}";;0.3333333333333333
230407011694813;155428664469539;https://www.amazon.ca/gp/profile/amzn1.account.AH7KO3L4RSFAX4M4ETSSVP3VY2CQ/ref=cm_cr_arp_d_gw_btm?ie=UTF8;Amazon Customer;100177;10;2018-12-11;1000;627.0557017850017;673.4807219388688;1403.5059392635308;1014.2857142857142;1000;2000.0;"{{'Perfect',0.0},{'Excellent',0.0},{""'Excellent definitely buying items from seller again'"",0.955438},{""'Add says 3 hanging witches i got 1. Battery needs taping to stay put.'"",0.031135},{""'Easy to install'"",0.645675},{""'Excellent product. Using for bathbombs and household cleaning'"",0.4830325},{""'Grandson loved it'"",0.960954},{'Perfect',0.0},{""'Definitely buying again. Using it with laundry and household cleaning.'"",0.3606565},{""'Its months later and i am still happy with the purchase.'"",0.983848},{""'Love it. Impressed with the craftsmanship. Helps with the heat wave. Definitely buying a second one in fall for air flow issue'"",0.36100525}}";;0.14285714285714285
130332955491117;95432826641758;https://www.amazon.ca/gp/profile/amzn1.account.AGREWSPYCTBAKGK7432TXFKP3HUQ/ref=cm_cr_arp_d_gw_btm?ie=UTF8;Amazon Customer;27523;10;2018-12-11;1000;617.0223503301451;1550.854817682905;912.4867064185801;1012.5;1000;2000.0;"{{""'Good product, great price'"",0.925973},{""'Xxl = medium to large Canadian size'"",0.0},{""'I like them but it’s a very small ser'"",0.900074},{""'Fits well, looks great!'"",0.986959},{""'Arrived in perfect condition and exactly as depicted'"",0.912878},{""'My son grew out of his small swaddle blankets and at 6 months still lives to be swaddled at bed time. This blanket is made of a nice material and fits/ holds him very well. He is a big boy at 21.5 lb and long. Was glad to find a large size swaddle bla…'"",0.3220365},{""'Love this mouthwash!'"",0.977159},{""'Great set especially at this price'"",0.939329},{""'Soft material, good quality and fit'"",0.98058},{""'Somewhat small but nice, no support in the bust.'"",-0.709134},{""'Comfortable, soft. Vibrant colour'"",0.0}}";;0.125
73736980315703;98350746745265;https://www.amazon.ca/gp/profile/amzn1.account.AEDTZHGFABMLIPNEO4KVWLLKK5BQ/ref=cm_cr_arp_d_gw_btm?ie=UTF8;santosh;432063;2;2018-12-11;1000;778.3956989208182;882.4814691802201;1008.4046161694642;950.0;1000;2000.0;"{{""'Good product'"",0.0},{""'Good quality. But has chemical smell. Has to wash once before using it.'"",0.0},{""'Good product'"",0.0}}";;0.5
152533640488077;98350746745265;https://www.amazon.ca/gp/profile/amzn1.account.AG5IT4H5E6ATBYEWUFKDLMPCD4XQ/ref=cm_cr_arp_d_gw_btm?ie=UTF8;Amazon Customer;117991;9;2018-12-11;1000;882.6077887230732;425.99927832242696;1522.9375104723629;1011.1111111111111;1000;2000.0;"{{""'Good for the money. Box had been opened and was shipped open. Works well'"",0.300265333333},{""'Husband loves this for his lunch.'"",0.950666},{""'Good for the money. Box had been opened and was shipped open. Works well'"",0.300265333333},{""'My husband loves. Will buy again'"",0.4820225},{""'Can't wait to give it to my daughter on Christmas!'"",0.951362},{""'My daughter loved'"",0.942647},{""'Son loved'"",0.788669},{""'My daughter loved! Thank you!'"",0.4761425},{""'Finally put together for my son. The red ribbon is separate and cheaply done. So disappointed with this. Would not purchase.'"",-0.00533525},{""'We use this to clean our guinea pig cage. Works pretty good. Wish the hose was a little longer but all in all it is a good vacuum with really good suction.'"",0.468777666667}}";;0.11111111111111109
263652070052789;95432826641758;https://www.amazon.ca/gp/profile/amzn1.account.AFIUMMIEYGOQQI6UT6W4Z4YM5LWQ/ref=cm_cr_arp_d_gw_btm?ie=UTF8;neighbour2thenorth;23649;10;2018-12-11;1000;784.1517074296694;739.6749774496502;1247.9066855203719;1014.2857142857142;1000;2000.0;"{{""'Quiet and extremely lightweight'"",0.94625},{""'This is the best tasting pumpkin seed butter and it's raw! Plus, it's good for you!!!'"",0.493115333333},{""'Quiet and extremely lightweight'"",0.94625},{""'This is probably the best tasting liquid mineral on the market today and to know that Dr. Joel Wallach has given his approval for this product makes me even more confident. (He may have even been part of its creation)'"",0.4628135},{""'Works well'"",0.0},{""'Works well. Was skeptical at first but needed something to help with a bully cat.'"",-0.389736},{""'What a beautiful book'"",0.919264},{""'Good advise not only for cancer patients, but everyone'"",0.439303},{""'Still working very well'"",0.957618},{""'Short but excellent book'"",0.385525},{""'Such an excellent book. I think it should be a gift for all young people in their last year of high school. Such excellent advice!'"",0.854076666667}}";;0.14285714285714285
241080541622629;4808582601589;https://www.amazon.ca/gp/profile/amzn1.account.AHSZCNFRQT2UKMFDXHQ7WMUZRIGQ/ref=cm_cr_arp_d_gw_btm?ie=UTF8;Amazon Customer;30141;8;2018-12-11;1000;849.138429770902;1202.3772206709018;1157.4695513511972;1007.6923076923076;1000;2000.0;"{{""'It’s easy to assemble and good for the price. Works very well. It was delivered quickly and happy with it.'"",0.962625},{""'Too thin. The body is too light and is not flattering'"",-0.3653195},{""'Looks great and went on easily. Beautiful colors'"",0.974408},{""'It’s easy to assemble and good for the price. Works very well. It was delivered quickly and happy with it.'"",0.962625},{""'It was easy to assemble although the instructions aren’t the best. I like the height a lot and seems very steady. No squeaks so far so would recommend it for sure!'"",0.801239666667},{""'Quality is ok and kind of short but does the job given the price.'"",0.321143},{""'Love my bible!'"",0.967474},{""'Great value!'"",0.986769},{""'Absolutely love these chairs! The quality is amazing, feels soft, the velvet looks great and they are steady! Amazing purchase'"",0.98586}}";;0.07692307692307691
76246900666216;98350746745265;https://www.amazon.ca/gp/profile/amzn1.account.AGLOPWJEOXVYPBKI5I3NI4JOKTDA/ref=cm_cr_arp_d_gw_btm?ie=UTF8;Shopaholic;529548;7;2018-12-11;1000;999.9927248996753;1214.4200589888476;982.2550335505078;1020.0;1000;2000.0;"{{""'Does what is designed.
Build could be improved'"",0.438515},{""'I wish I purchased more than one. Got it on prime day for 112$ including tax. Now it's price more'"",-0.295066666667},{""'Value for money still works even after a year of usage'"",0.632643},{""'Does what is designed. Build could be improved'"",0.438515},{""'I feel it is a bit over priced . Warm option doesn't seem to work'"",-0.215416},{""'[[Updated]]:Anker takes the feedback seriously and are always ready to support with queries and always have an open ear for customer issues.'"",0.904102},{""'Worth the money paid. Fits perfectly for my Ipad air :)'"",0.830091},{""'The whole idea of heated hoodie was to ditch the -ve temperatures. This doesn't work if the temperature goes below -10c.'"",-0.3162115}}";;0.2
230036412821614;4808582601589;https://www.amazon.ca/gp/profile/amzn1.account.AFBCR3UYDKHLY4GFWGTSDLGCQIRQ/ref=cm_cr_arp_d_gw_btm?ie=UTF8;merieme;1452247;1;2018-12-11;1000;997.3114073311401;978.8054969339462;1008.4046161694642;1007.6923076923076;1000;2000.0;"{{""'it works fine and does what it's supposed to do, but has scuffs and scratch marks on it. the box also didn't come in the greatest shape so that's a bummer since it says in the description that the item is new and i paid for a new item..'"",-0.4800975},{""'it works fine and does what it's supposed to do, but has scuffs and scratch marks on it. the box also didn't come in the greatest shape so that's a bummer since it says in the description that the item is new and i paid for a new item..'"",-0.4800975}}";;0.0769230769230769
187124396125555;95432826641758;https://www.amazon.ca/gp/profile/amzn1.account.AEWSECRPP6X25LXCMK4NZBSGCNQQ/ref=cm_cr_arp_d_gw_btm?ie=UTF8;Customer;1469855;1;2018-12-11;1000;1000;1181.4467110744772;1008.4046161694642;1010.0;1000;2000.0;"{{""'Not the best time quality you can find, loud and doesn’t cool the room. Expected to get what I paid for but you could find something much better for the same price. Wouldn’t buy it again'"",-0.316169333333},{""'Not the best time quality you can find, loud and doesn’t cool the room. Expected to get what I paid for but you could find something much better for the same price. Wouldn’t buy it again'"",-0.316169333333}}";;0.10000000000000002
37539772691794;155428664469539;https://www.amazon.ca/gp/profile/amzn1.account.AECZT55X5KPUFDC374AQOEKI2WDQ/ref=cm_cr_arp_d_gw_btm?ie=UTF8;Christian;386972;3;2018-12-11;1000;882.6099290868575;1268.4804328408372;1192.5558879356133;1011.1111111111111;1000;2000.0;"{{""'- Very easy to assemble
- Not to noisy
- Good quality for the price'"",0.855677},{""'Had it for only one month and one of the earphones is already dead. Sound quality is good nevertheless.'"",0.0212295},{""'- Very easy to assemble - Not to noisy - Good quality for the price'"",0.855677},{""'Produit très efficace pour son prix. Il faut simplement s'assurer d'utiliser le câble qui est fourni avec le chargeur portatif, car avec d'autres câbles le temps de charge peut être est plus long.'"",0.3930445}}";;0.1111111111111111
49721536756065;98350746745265;https://www.amazon.ca/gp/profile/amzn1.account.AETOLW2ARSICAHBDCPTN6IS3MK5Q/ref=cm_cr_arp_d_gw_btm?ie=UTF8;Heather Hendrick;1362071;1;2018-12-11;1000;973.1399597548279;1177.6225767064486;1008.4046161694642;1000.0;1000;2000.0;"{{""'Not very sturdy'"",-0.524656},{""'Not very sturdy'"",-0.524656}}";;1.0
275613030515825;113865489331153;https://www.amazon.ca/gp/profile/amzn1.account.AHLQYN3IHOJMOBW72KVDSZZPVQTA/ref=cm_cr_arp_d_gw_btm?ie=UTF8;Amazon Customer;185621;4;2018-12-11;1000;940.2595545187999;1040.4363442138572;1460.414857116365;1016.6666666666666;1000;2000.0;"{{""'I order 3 fans. Easy assembly super quiet and all work great.'"",0.483863},{""'This boosts our signal tremendously!'"",0.989957},{""'This spinner works awesome. Fits in the WestJet carry-on guidelines.'"",0.827799},{""'I order 3 fans. Easy assembly super quiet and all work great.'"",0.483863},{""'These we perfect. Considering ordering some more.'"",0.465138}}";;0.16666666666666666
84383673111443;155428664469539;https://www.amazon.ca/gp/profile/amzn1.account.AHCUR363Y2UF43BMCRF7C4ZZZMPA/ref=cm_cr_arp_d_gw_btm?ie=UTF8;Nida F.;651267;3;2018-12-11;1000;1000;726.2827774640576;1261.7216188558893;1014.2857142857142;1000;2000.0;"{{""'A good buy for the money I paid for it! It’s basic and gets the job done.'"",0.915152},{""'I used it for sore nipples after improper latchings and this product provided instant relief. No impact on feeding either'"",-0.8443105},{""'A good buy for the money I paid for it! It’s basic and gets the job done.'"",0.915152},{""'Wipes are really good to use, using it for my newborn. Disppointed at Amazon for supplying a whole box with Nov 2018 expiry in middle of October! I had ordered in preparing things before birth.'"",0.504068}}";;0.14285714285714285
34534251733419;95432826641758;https://www.amazon.ca/gp/profile/amzn1.account.AEGVPUV7DUEI7SHGLE73OQWMOQXA/ref=cm_cr_arp_d_gw_btm?ie=UTF8;Client d'Amazon;2026400;9;2018-12-11;1000;328.6579267522293;514.5983824111512;1253.9022313744083;1003.3333333333334;1000;2000.0;"{{""'Ce produit est parfait côté qualité-prix. Il est facile à assembler, pas trop bruyant. Il fait bien le travail!'"",0.332167666667},{""'Ne fonctionne pas du tout avec le nouveau Ipad 2018. Il ne reconnaît pas le HDMI. retour et remboursement effectué! Merci!'"",-0.2185405},{""'Ce produit est parfait côté qualité-prix. Il est facile à assembler, pas trop bruyant. Il fait bien le travail!'"",0.332167666667},{""'Super jouet! Mon garçon passé des heures de plaisir!'"",0.478113},{""'Super produit, efficace. Je peux partir en voyage et avoir la conscience tranquille.'"",0.4053955},{""'Le produit est bien. Qualité moyenne. Mon fils de 8 ans l'adore et est capable de changer les morceaux lui-même. Petite déception, la couleur sur l'image n'est pas celle du produit reçu. Mon fils voulait un vélo vert et il a reçu un jaune et un rouge.'"",0.341755},{""'Cool product!!!!'"",0.4327425},{""'So tiny!!!! The picture suggest a \""circle\"" form or round product. My stamps doesn't fit in.'"",-0.317008},{""'Bon produit, fonctionne à merveille, très pratique!'"",0.986102},{""'Bon produit!'"",0.0}}";;0.03333333333333331
43657875918727;113865489331153;https://www.amazon.ca/gp/profile/amzn1.account.AEF63CUSQMHY45MSZW5UXFRAFMSA/ref=cm_cr_arp_d_gw_btm?ie=UTF8;SIBY PAUL;183383;10;2018-12-11;1000;504.69885780723325;735.7815472223057;924.2618532449503;1016.6666666666666;1000;2000.0;"{{""'So far looks good'"",0.949024},{""'So far looks good'"",0.949024},{'Nice',0.0},{'Excellent',0.0},{'Excellent',0.0},{'Excellent',0.0},{""'Excellent quality'"",0.971285},{""'Very nice'"",0.0},{""'Very good'"",0.0},{""'Very nice and strong'"",0.989073},{""'Bed is very nice and strong but the only drawback which i noticed is the wooden slat, if it have been a full wooden plank it would have been much bettetband comfurtable rather than wooden slats.'"",0.425673}}";;0.16666666666666666
90580093806487;4808582601589;https://www.amazon.ca/gp/profile/amzn1.account.AEME55BUM7RR4A7G6FDIRNJRRVZA/ref=cm_cr_arp_d_gw_btm?ie=UTF8;Jennifer;4521999;10;2018-12-11;1000;976.592935027355;810.7816476296152;880.22035557375;1020.0;1000;2000.0;"{{""'was looking for an economy priced fan that works and it does the only complaint is the lowest setting could be a little lower'"",-0.651174},{""'does the trick'"",0.0},{""'works but fits a bit snug'"",0.793432},{""'not easy to figure out at first but they do work'"",-0.738149},{""'works and fits'"",0.917845},{""'as expected'"",0.0},{""'ok quality but a bit over priced'"",0.691669},{""'love this it fits great and it is super comfy to wear'"",0.989869},{""'they fit and are super cute'"",0.991353},{""'good quality but way to big'"",0.784459},{""'its a funny shirt'"",0.925732}}";;0.2
116117109919793;200433978950816;https://www.amazon.ca/gp/profile/amzn1.account.AGSMWPEBZKQAYOIANZAWECDI3XZA/ref=cm_cr_arp_d_gw_btm?ie=UTF8;Vino;986212;2;2018-12-11;1000;779.0059542691785;732.6492109568659;1008.4046161694642;1000.0;1000;2000.0;"{{'Good',0.0},{'Good',0.0},{""'Very good'"",0.0}}";;1.0
159352236390912;200433978950816;https://www.amazon.ca/gp/profile/amzn1.account.AE53NV5NZZPYVNLBESTD64CDZMYA/ref=cm_cr_arp_d_gw_btm?ie=UTF8;Jay;583331;4;2018-12-11;1000;779.0021760336167;595.4246504375724;1068.7549222135892;1000.0;1000;2000.0;"{{""'as advertised'"",0.0},{'like',0.0},{""'as advertised'"",0.0},{""'as promoted'"",0.0},{""'great cd'"",0.959238}}";;1.0
149706054229063;113865489331153;https://www.amazon.ca/gp/profile/amzn1.account.AFI3AVLFXO3G2PI5O6WOEID3NZIA/ref=cm_cr_arp_d_gw_btm?ie=UTF8;Dan McKelvey;1423045;1;2018-12-11;1000;1000;1178.6753180226578;1008.4046161694642;1025.0;1000;2000.0;"{{""'Easy to put together, works fine for cooling my small apartment'"",0.942883},{""'Easy to put together, works fine for cooling my small apartment'"",0.942883}}";;0.25
144394911528930;4808582601589;https://www.amazon.ca/gp/profile/amzn1.account.AFQCNN55NGYHEP2XDYVDT5PMFYRA/ref=cm_cr_arp_d_gw_btm?ie=UTF8;scott morrell;46419;10;2018-12-11;1000;717.2837674730044;738.8038892957874;1005.2250839718735;1006.6666666666666;1000;2000.0;"{{""'The legs fold up when you left the base to move it and when you go to set it back down if you’re not careful it’ll fall over'"",-0.60512},{""'My car is too old for having Bluetooth music but this lets me turn it into a radio station trouble is finding an empty radio station'"",-0.865867},{""'It’s a little flimsy'"",-0.858921},{""'Great value for the price very simple design has a little set of temperatures for different types of meat on the back so you don’t …'"",0.664108},{""'The legs fold up when you left the base to move it and when you go to set it back down if you’re not careful it’ll fall over'"",-0.60512},{""'I miss the ants'"",-0.923411},{""'you get what you pay for but for the price the kids get as much fun out of it as they would going to disney'"",0.598679},{""'great product'"",0.929678},{""'broke quickly'"",-0.902834},{""'Best kids toy ever, especially for a engineering minded boy'"",0.934954},{""'Like all other disney junk it went into the garbage about a month later.'"",-0.934865}}";;0.06666666666666668
281409393854192;113865489331153;https://www.amazon.ca/gp/profile/amzn1.account.AFYCMAL6ZO2SDU2GEVVBWRQI6LRA/ref=cm_cr_arp_d_gw_btm?ie=UTF8;melissa m;327882;10;2018-12-11;1000;505.1497937801182;558.0325442104404;1699.2212380093217;1020.0;1000;2000.0;"{{""'Works perfect'"",0.0},{""'Easy to attach to any bucket seat'"",0.898172},{""'Fits car seat perfect. Inside has warm fleece.'"",0.857477},{""'Works perfect'"",0.0},{""'Works great'"",0.969876},{""'Very soft & comfortable'"",0.865435},{""'Cute, compact & easy to use'"",0.967041},{""'Oils smell great'"",0.941222},{""'Works perfect with WII'"",0.927732},{""'Fits my munchkin diaper pail'"",0.0},{""'Very convenient, comfortable and as described'"",0.912022}}";;0.19999999999999998
178865280388150;95432826641758;https://www.amazon.ca/gp/profile/amzn1.account.AHGHJBAD4ATABPTZHYB4VFH3YBGA/ref=cm_cr_arp_d_gw_btm?ie=UTF8;Mike Philpott;180589;10;2018-12-11;1000;574.82364174288;507.8558058553364;886.8911013374513;1020.0;1000;2000.0;"{{""'As excepted.'"",0.0},{""'Completely portable'"",0.936773},{""'Great product. Fit perfectly.'"",0.9582585},{""'Great product. Came disassembled but very easy to put together.'"",0.939616},{""'Product is fine but the packaging was horrible. Almost looks like it was opened, taken out of the box and thrown back in. The amazon packaging was fine. Just the package that the actual kettle came from the manufacturer in.'"",-0.0545595},{""'My 6 yr old loves it'"",0.80609},{""'Great quality. Nice and heavy'"",0.8185705},{""'Amazing product. Shipping was extremely fast. Using for shooting bags. Perfect size'"",0.070871},{""'Nice product'"",0.0},{""'Product exactly as claimed.'"",0.0},{""'Great packaging. Product exactly as explained.'"",0.4846875}}";;0.2
200463676225958;95432826641758;https://www.amazon.ca/gp/profile/amzn1.account.AHNSMG46HLKSXAE3RAROYPQEXZBA/ref=cm_cr_arp_d_gw_btm?ie=UTF8;Jessica McBride;152926;9;2018-12-11;1000;999.7627447977699;1303.7035269068087;1156.9490738628044;1009.090909090909;1000;2000.0;"{{""'Great for a cheap fan for my home gym. A little flimsy looking looking, I wouldn’t have it around small children'"",-0.040792},{""'A little thin, but great running socks'"",0.623301},{""'Great for a cheap fan for my home gym. A little flimsy looking looking, I wouldn’t have it around small children'"",-0.040792},{""'The sizing on these runs large in my opinion, though I do have rather thin children so my view could be biased by that. …'"",-0.731476},{""'Lovely little unit with lots of oils for the price! Very happy to have purchased it!'"",0.964909},{""'Does the job, came fast!'"",0.678093},{""'It’s overall a good product, trigger works well. The lack of height adjustment in the tripod is problematic for my purposes.'"",0.0293625},{""'Well constructed. Do agree with a previous reviewer that the foam inserts are oddly shaped however. Size up'"",0.310298666667},{""'Great vest for distance runners who need a pack that adjusts smaller than the OS variety.'"",0.893519},{""'Our 2 year old has really enjoyed this set. We ordered it for her once making bracelets with pipe cleaners and dollar store beads lost its allure and she's done great with the special string. Figuring out how to fasten the breakaway clasps took …'"",0.622406666667}}";;0.09090909090909088
272387496094311;98350746745265;https://www.amazon.ca/gp/profile/amzn1.account.AECJFGBY2MVIEL5JVASYTX6EJXHQ/ref=cm_cr_arp_d_gw_btm?ie=UTF8;Denny Samuel Thomas;1382328;1;2018-12-11;1000;1000;1178.328109659032;1008.4046161694642;1020.0;1000;2000.0;"{{""'Awesome fan though the parts are not of high quality. It serves the people'"",0.831029},{""'Awesome fan though the parts are not of high quality. It serves the people'"",0.831029}}";;0.2
58877320575851;113865489331153;https://www.amazon.ca/gp/profile/amzn1.account.AHEFUUE2LVCL25E3N2E4TXAJX5SQ/ref=cm_cr_arp_d_gw_btm?ie=UTF8;Louis-Étienne Gagnon;568170;4;2018-12-11;1000;916.76780383523;1139.3156019674357;1272.3358288134746;933.3333333333334;1000;2000.0;"{{""'Good product for good price'"",0.892446},{""'This product is great for casual to advanced players. It's really cheap and good quality. The tip is in wood though and I'm a little bit surprised by that, thought it would be in leather. Good quality/price and as they say in the description , it is great for da…'"",0.6918175},{""'This is a great product, but the spare parts are expensive.'"",0.971513},{""'Good product for good price'"",0.892446},{""'Just great, my cats immediately adopted it'"",0.976343}}";;0.3333333333333333
184966491035410;98350746745265;https://www.amazon.ca/gp/profile/amzn1.account.AES3M5WVYMY3YEOMGU4ZCBBU22PQ/ref=cm_cr_arp_d_gw_btm?ie=UTF8;Matthew Wickware;94734;10;2018-12-11;1000;760.7331091014192;974.9208664818623;1064.5749556224898;1020.0;1000;2000.0;"{{""'Nothing fancy butworks like a charm.'"",0.522418},{""'Nothing fancy butworks like a charm.'"",0.522418},{""'Love the product. The delivery was off a bit, but Optima stepped right up and made it right. Thanks'"",0.31566},{""'Performs beyond expectations.'"",0.719198},{""'Works like a charm.'"",0.89355},{""'I was tired of replacing coffee machines, so this fits the bill.'"",-0.491954},{""'I liked it so much I bought a second one. Keeps coffee hot for hours.'"",0.2191555},{""'Very easy. I did the second one myself.'"",0.3018355},{""'No more flare ups, and has that bbq flavour. Simple and easy.'"",0.353368},{""'Great for getting out into the garden. Very comfortable too. Better than I could have hoped for. Not for very wide feet.'"",0.6292415},{""'I'm using it. That's about all I can say about it. I need taller armrests.'"",0.170225666667}}";;0.2
131134499393626;200433978950816;https://www.amazon.ca/gp/profile/amzn1.account.AFSQAIEJ4EVFRKLCEY4IEY4XPMJA/ref=cm_cr_arp_d_gw_btm?ie=UTF8;K-Mac;23384;0;2018-12-11;1000;1000;901.4992340697466;1008.4046161694642;1000.0;1000;2000.0;"{{""'This is a great working fan. Exactly what I wanted. Easy to put together'"",0.628700666667}}";;0.0
171574471488329;200433978950816;https://www.amazon.ca/gp/profile/amzn1.account.AEWV2XT7356Y533IEJ4SXZTBD5GQ/ref=cm_cr_arp_d_gw_btm?ie=UTF8;Dave;718484;3;2018-12-11;1000;1000;660.4827025194188;1146.1083047382135;950.0;1000;2000.0;"{{""'Fan works great, as it should operate!'"",0.970633},{""'Cute cause but it's quite bulky.'"",0.793626},{""'Fan works great, as it should operate!'"",0.970633},{""'this cover does not stay magnetically closed!'"",0.0}}";;0.5
201893129688566;155428664469539;https://www.amazon.ca/gp/profile/amzn1.account.AE237ZV7HF2YWKQBJOZYP3NPUFSQ/ref=cm_cr_arp_d_gw_btm?ie=UTF8;sylvie Rodeghiero;276336;10;2018-12-11;1000;657.8057390575582;319.60898713971113;847.1610940939715;950.0;1000;2000.0;"{{""'always in my pocket'"",0.473452},{""'Work perfect'"",0.0},{""'very happy with it I just love it'"",0.997354},{""'not so good,but nice'"",0.437307},{'loveit',0.0},{""'my favorite'"",0.916631},{""'i love it'"",0.0},{""'Work perfect'"",0.0},{""'Like it ,very easy to use'"",0.953229},{""'Just perfect for me ,right color'"",0.950003},{""'Love it'"",0.0}}";;0.5
153626523001080;4808582601589;https://www.amazon.ca/gp/profile/amzn1.account.AHUZHVPK4O3IRAONRJSE4W6TQG2Q/ref=cm_cr_arp_d_gw_btm?ie=UTF8;Saima Tazreen;23960;10;2018-12-11;1000;970.9445956305268;2064.743517496799;947.9434087414276;1006.6666666666666;1000;2000.0;"{{""'Urgently needed this for the scorching heat this summer. Arrived on time and was quite easy to set up.'"",0.247221},{""'I recently went on a camping trip and this flashlight was a constant necessity. There are a lot of things I like about it. It comes with a rechargeable battery and a cable. Also, the packaging was very small and compact. It arrived earlier than expected w…'"",0.3285834},{""'I needed something dark to filter the sunlight in my kitchen. I am not a fan of the texture, and the material is too thick. But it does the job and I'm satistied.'"",-0.456779666667},{""'As a diehard Harry Potter fan, I can safely say that this looks like it was made for my walls. I love the fact that it's reusable.'"",0.8924725},{""'What I love about this is that the glass top looks extremely fancy and that it has bluetooth connectivity. It arrived fast. The instructions given in the booklet were very descriptive and helpful. I connected it to my phone and it gave me almost every sin…'"",0.66554575},{""'Very useful and good price.'"",0.974237},{""'Price is a little too high for my taste. However, quality is good and it arrived on time. Would not buy again due to such high price.'"",-0.181165666667},{""'Strong and supportive frame. Good for the pricing.'"",0.9223685},{""'This organizer was very easy to set up. I kept the back empty and thus was able to put up one level more than the photo shown. The wires were strong and supportive and I simply loved setting it up!'"",0.416407},{""'I am so in love with this!!! I was a little unsure about this as I am very sensitive about my hairstyling. This has served me better than any other dryer I have used before. And the price is very reasonable! I strongly recommend this!'"",0.5678596},{""'It's an okay device. I had expected a better quality. Would recommend to users looking for something cheap but not durable.'"",0.513599666667}}";;0.06666666666666668
